0.4972159823654111,1.9241781451572917,0.3372175468643497,0.38075937297046075,0.3798329511384158,0.3344382813682149
0.40372579935106906,1.9224347278688558,0.2595069903534031,0.2959594772926771,0.2950915609369801,0.2838086483129191
0.6006269502083977,1.9986618936038687,0.39678040198825715,0.41067205720009986,0.4289048546656434,0.4306413115671237
0.36816118161831474,1.637516973841842,0.2802298392735295,0.32896546349501293,0.32896546349501293,0.2737317560439984
0.43760625416811033,1.8096113325686303,0.3302597492674436,0.35146909096351797,0.3507116144743725,0.28859854236444044
0.5651263047388854,1.8182858187833315,0.47347910619098016,0.4971136705599143,0.4955380329353187,0.4624496428188109
0.538682927053842,1.9463945529981157,0.29722079430842047,0.37674743927202486,0.3815672359364858,0.37996063704833216
0.47014957739112684,1.7600996498797827,0.31462002805001155,0.3775440336600138,0.39349659846254964,0.383747808861
0.4875142268654518,1.7207586654732494,0.3882778054905172,0.3851146461789855,0.3882778054905172,0.38036990721168795
0.3754110321484344,1.5737672848216493,0.24644784933891462,0.31946943432822267,0.34076739661677086,0.3445706041682973
0.4124513528246274,1.696930422789146,0.28242618225441735,0.379732682022746,0.3828971210396022,0.3678660357095352
0.38294380599040734,1.824115166115586,0.23390406650375134,0.30037320770445763,0.30037320770445763,0.2877524846916653
0.378655472738628,1.593501836278874,0.27255152497403545,0.3320465481247099,0.3368704689207105,0.31355485174004083
0.432150758231139,1.7074486882253281,0.3209908190055991,0.33449785841920104,0.3392650488004723,0.33131973149835353
0.31780381845139505,1.515623554890877,0.23199803935229835,0.31927002907730084,0.2974520316460502,0.2952702319029252
0.4493132700518148,1.578807973977298,0.27931607486637156,0.38611339760939595,0.4085184303526878,0.41225260247656975
0.3267480574408788,1.4287328065337084,0.23166664944817678,0.3237486615316792,0.3237486615316792,0.32301785191196886
0.3927591442191228,1.5758464840466777,0.28790975607461167,0.35912147765689595,0.36601293458421374,0.35912147765689595
0.6101853101461844,2.100864639386713,0.32952648404593615,0.3775157778390337,0.38391435034478,0.37431649158616054
0.41223551588540097,1.7775532691013378,0.2765461045753637,0.3199425702164208,0.3114334593064096,0.31398619257941296
0.3838407072571295,1.5518726331376331,0.2957430293843032,0.3408827549219074,0.35489163526116385,0.36345261769070947
2.5771856758964398,3.5740828893569434,0.6226208048461007,0.806214119095592,0.8521124476579648,0.864085924674236
0.49214579856331603,1.8297016152062147,0.29100243984048946,0.386101276389669,0.390856218217128,0.38324831129319364
0.03865375470813927,0.47276249799677467,0.09883706188810017,0.1202598733318263,0.12610245827102434,0.12439837099709158
0.3526445776438407,1.6676285679933882,0.23486581683727545,0.31532158108257047,0.32507379493048505,0.3145088965952443
0.39868499005983055,1.6919678106688958,0.26399497755117524,0.3175939578418684,0.33039371432919806,0.2951943839890414
0.39306250812318627,1.5798586433621573,0.2624970894063667,0.363269965834817,0.37789828660668884,0.3787109710940151
0.34149081248676244,1.679767632062674,0.23101523389266437,0.26272320717204967,0.274802435088006,0.2725375798537642
0.35120493042010376,1.7435288294427955,0.235391243157311,0.28291502726478074,0.2799447907580639,0.24801474831085765
0.39332276557920565,1.699791409645381,0.2653411377402913,0.34011909473982793,0.34333535095486173,0.34011909473982793
0.3669459018420083,1.7806830150948396,0.23028038991623406,0.2576404362429153,0.2576404362429153,0.24624041694013146
0.2873326952170368,1.4931875734562057,0.22342510358381742,0.27209195782979745,0.2588191793990756,0.25439491992216834
0.31582157592773596,1.4635937499999998,0.283203125,0.27867187499999996,0.283203125,0.27867187499999996
0.33759543406039644,1.4904581748756034,0.25801670062303267,0.33578769194557795,0.34310731465828814,0.3412774089801106
0.036615288888889014,0.47493333333333326,0.09053333333333333,0.11719999999999998,0.11906666666666665,0.11533333333333332
0.02173074392607319,0.4275734676742233,0.0665952980688497,0.0667170445004198,0.06525608732157849,0.0639168765743073
0.021759898281155217,0.43242961418143894,0.05725408411539798,0.06713242961418144,0.0659228362877998,0.06239485575251998
0.02318247976379574,0.4620534103211837,0.06875857091302778,0.07420064958498737,0.07420064958498737,0.07116564417177913
0.02533755268766062,0.41409711684370254,0.0748103186646434,0.08812215477996964,0.08735204855842184,0.07921092564491654
0.02421410401790822,0.4213275434243176,0.07255996691480561,0.08107526881720428,0.08227460711331677,0.0793961952026468
0.03014696193124849,0.47652518656716414,0.07845149253731343,0.10036380597014925,0.10117537313432835,0.08724347014925374
0.025573538166351422,0.38406086956521734,0.09443913043478261,0.10591304347826086,0.10276086956521739,0.10414782608695652
0.03365759555873388,0.46764852720918615,0.08151273090364453,0.10366450324513228,0.10627059410883673,0.10250624063904143
0.03087462456563485,0.42009232060428026,0.0839697859840537,0.10380612673101132,0.10928241712127569,0.11062106588334031
0.02522568629002124,0.40315779305878663,0.07520947983309252,0.09594830649803165,0.09582337380727901,0.09394938344598933
0.025181073614673907,0.41596092685143116,0.06060881417537482,0.08050431621990004,0.0822171740118128,0.08485233984552475
0.02661312695290476,0.37314421827631006,0.10009961022087482,0.10575140753572974,0.1083889129493287,0.0973365093113902
0.06384297331536269,0.6653818361482522,0.09935565879136798,0.14291157385748282,0.13628786327139164,0.12404403461225336
0.030267791344994868,0.39936553436489436,0.08139854817518667,0.10528045708680059,0.11415802532096073,0.11428306149327284
0.07985364828241678,0.6552320166649968,0.1488108153618968,0.17938572931141525,0.18693270174199259,0.18693270174199259
0.10765567266246141,0.8302320675105483,0.1492827004219409,0.18211673699015468,0.22514767932489446,0.225351617440225
0.41565826506948417,1.7819010073258654,0.31296171538182166,0.3569348171633181,0.3502001979715574,0.3260347996952395
0.35442735574366124,1.4302410901467504,0.29303983228511526,0.3471488469601677,0.35110062893081756,0.345020964360587
1.6570152324167302,3.4862285147020042,0.5754146462926929,0.6976104665830587,0.6784603753435238,0.6629579205305669
1.6033917727760367,3.4944395430914375,0.6251950659228761,0.5390494974942124,0.5569609523160138,0.591078009119445
0.26671454194058714,1.4729397178080332,0.27790014338793884,0.22997443627761194,0.2382493785124885,0.23342232887547718
16.308415027777777,11.802999999999999,1.5635833333333333,1.9695833333333332,1.9889166666666667,2.0324166666666668
0.06342340696193592,0.7132361025321002,0.11177580711323958,0.12551169738829207,0.12207772481952894,0.13186454664050384
0.22271396642189822,1.4438428874734608,0.18656050955414014,0.23304670912951167,0.238895966029724,0.23674097664543525
0.2832978652553917,1.467566144586778,0.2364373826177853,0.2746947433620625,0.2674568643023344,0.26332093341106116
0.0882622513047608,0.8521528387751487,0.12855117136835906,0.13615025539013398,0.12791791436654448,0.13994979740102143
0.1283606593437848,0.9743694082599649,0.15078689037572982,0.17564444928681436,0.1859626812876419,0.17916202837800554
0.42175006240000096,1.6526133333333333,0.32480000000000003,0.3538,0.36385333333333336,0.36076
0.29026402717989847,1.381136131013306,0.2543807574206755,0.3208700102354145,0.32057318321392014,0.3110747185261003
0.2700199186301979,1.4037709343758054,0.25425286086920523,0.25609750073040866,0.2613239803371517,0.25579006075354144
0.3986810500062804,1.6264709070404644,0.3541538768538908,0.3944402537452331,0.3794244223584601,0.3666060297112148
0.35502961329062505,1.6534010783931998,0.30149514972475544,0.28598010029524784,0.2742389818080529,0.26585246860291367
0.7330539250245881,2.2523660856290757,0.4593495366750923,0.4987382046750096,0.4693353961680291,0.46045907661875196
1.431652239594253,3.424146219855995,0.5281481050243798,0.6515785842590123,0.6473802686387867,0.6263886905376587
0.44704428146273945,1.7070017716050458,0.349186538804011,0.3857339353568768,0.3869256982879485,0.3551453534593696
0.113719725790316,0.9697635181486977,0.13734751475985735,0.15761190218344287,0.15355902469872576,0.15085710637558103
0.579791010675528,2.019322856350385,0.36751575296329625,0.3871501562038011,0.3977225271794576,0.3967156347055856
0.21066349532759027,1.0470050968686704,0.282459444645741,0.34154675760193703,0.35507609561527165,0.2755567211695499
1.1640822687961698,3.2340743558359897,0.40131422919674375,0.5403213105427782,0.6086468251026935,0.6416315562695492
0.5256471457268365,1.9149622926093515,0.3276168929110106,0.43653092006033184,0.4439668174962293,0.39803921568627454
0.06514678794837733,0.6763962001040797,0.11129613308218257,0.15348583570436863,0.14773956796371246,0.14728591524734488
0.49342143688844625,1.8989576920567979,0.31981932932102436,0.3655773459970918,0.3524340858880086,0.3261475656698422
0.28872690925127703,1.5910545498686224,0.2202008463990379,0.2675509240172026,0.26433295757713315,0.23537125961650815
0.2882707629393231,1.61524297223113,0.24264459283516418,0.2421969090845458,0.24622606284011125,0.2475691140919664
0.42308500452896186,1.757943316397014,0.29609477211794316,0.36343245416412057,0.36343245416412057,0.3276145381821113
0.46697283327582434,1.856570074454998,0.3400006074475969,0.3645510600289629,0.35667638655946815,0.32795698920013433
0.2983803114371091,1.5134335063011886,0.20820398801375106,0.25950681873582526,0.25993434232517587,0.26207196027192897
0.40666922569212793,1.7384695820280434,0.23525698137210274,0.3030746002567049,0.3128964623020611,0.29605898451002194
0.3877794862350106,1.7404293068343801,0.2721978029990914,0.23257407218276796,0.26401464120006807,0.3441234882852437
0.27944420669352416,1.5083631759423055,0.23600533673925658,0.30892106234973987,0.3261792222575466,0.32359049827137554
0.3197737998806634,1.5785712573059398,0.2662366448889122,0.3001641465384727,0.29969293123778434,0.2860276875178225
0.3522623256880241,1.6853096673802948,0.20995757308704233,0.25797477590067086,0.2838664048688039,0.2815126204171554
0.40374938698042173,1.750402094294377,0.25062575441033125,0.2700194139777974,0.2953803534121761,0.2953803534121761
0.3513292992505847,1.5970082022118395,0.2749193483625834,0.3060825664223173,0.30992460700502417,0.28089585593568306
0.3679289624706576,1.6870349503128808,0.2516490757232247,0.27502431642901043,0.2713719350687314,0.2677195537084524
0.45241684174928365,1.7938044164549976,0.26465966800155705,0.32033622038114384,0.33562766786567827,0.33601975626271763
0.34357775486714964,1.6023866563288451,0.22773575454892092,0.285802194678031,0.2837431010564313,0.2779776389159523
0.40113169644143276,1.6219930819185617,0.2921899555287063,0.36075294645767964,0.3671308991022353,0.31929625426806785
0.3652956846353121,1.5444024137814407,0.24976188104171906,0.31762037219245637,0.33076573435254686,0.32330485312654955
0.4340197218910956,1.5970417742722025,0.29469223215737067,0.3501450715418221,0.3695535653263802,0.3822285000428262
0.4871019125556312,1.8779042522971245,0.33557658870110857,0.3841468844341637,0.37708211414571935,0.36251102542580277
0.3457833946758995,1.6752983516643658,0.24344179172622815,0.3293880873715094,0.325461606859796,0.3027752750143411
0.3670326491181721,1.7105480868144387,0.22384660390250719,0.26180660491394636,0.26337196578039745,0.2637633059970102
0.45913694248757775,1.7826476124477018,0.30235984335708077,0.3466259246426087,0.3458756520784472,0.3413740166934783
0.4799483561842324,1.9769770692658064,0.2997215770964006,0.34078512650085097,0.3348584286486623,0.3090349594355543
0.33667625903079734,1.5506823119107451,0.31991516029906375,0.39409838587565826,0.3890404386772541,0.3321385326952072
0.5351571163985259,1.772708687707268,0.39725107234367063,0.4208923556733915,0.4274809100439695,0.42438041386957986
3.707025402274874,5.339368155298988,0.7612447281279933,0.9246222903078737,0.993288222238548,0.9696103146762465
0.9148696145882901,2.7466942208040295,0.4328458832382631,0.46652394303103617,0.46652394303103617,0.42235599576182564
0.24404171235954936,1.3578047533848918,0.24910536555053853,0.2516325214329353,0.24152389790334822,0.23358140798724408
0.24482590504730026,1.2755370373105162,0.23656472432519024,0.2315756615977697,0.24404831841632105,0.25277917818930695
0.33341004264819407,1.5295361644842176,0.22277832635073688,0.25715494183972837,0.2759058230155419,0.2942102546395503
0.23103179880553226,1.4583701379597171,0.18969614535238988,0.20957319019569268,0.21821538360582435,0.2173511642648112
0.25860348636781033,1.3928207088724682,0.25115043344583016,0.24221118072996164,0.25583289915414226,0.247745003839785
0.31650104859506684,1.724225889768292,0.2362934151260533,0.2864162607588525,0.289280423366441,0.24560194360071602
0.30200400979404385,1.3797611587445828,0.24502369135157706,0.2549738920156005,0.26865541792863273,0.25704685048727205
0.21753250070031652,1.1868053724007697,0.20803557742188783,0.23727752605548652,0.2711146380457936,0.26819044318243374
0.36780536993089596,1.7672639366894793,0.22505532602492126,0.25543579632313446,0.2746234617746375,0.2714255175327203
0.22163378584226506,1.3882773179239596,0.20057902807667596,0.25541898706393196,0.2651850071575529,0.263682542527765
0.38622622924003747,1.7330562440292894,0.25931926939110544,0.28123357384669184,0.2794073818087263,0.25475378929619164
0.3560209795689918,1.579457122997174,0.2255271462657451,0.2799911849897856,0.29226477118111865,0.29226477118111865
0.3225333364472716,1.6504104025715245,0.2409925693816169,0.2643144309346766,0.2635370355495746,0.2549856863134527
0.37400144084135134,1.6924449498116003,0.27134939644253786,0.2946079161376125,0.2930573481579409,0.27522581639171695
0.341531234376933,1.6511869188361226,0.25175370671638564,0.2770012131206077,0.2993632902214901,0.29503514626648064
0.08029418896846621,0.7950726468730258,0.1133986102337334,0.14454200884396715,0.14655716993051168,0.1461907770056854
0.04044166596014158,0.5093329747175901,0.122926304464766,0.134470145239376,0.12074233458848843,0.10607853684776762
9.317979185692536,7.415084999374263,1.5179293755116199,1.9429496006548734,2.031495480893051,2.0365552454780897
0.3308576636253175,1.3474559264145383,0.3094875232374324,0.3692483286953616,0.39862794255177375,0.3969586463099321
7.95276947613385,7.179535609312955,1.2497502879292492,1.5556593136313341,1.723536217980039,1.7198056201056235
2.927043392953503,4.38795301789483,0.8238525026844412,1.0283338792500039,1.0273460465129722,0.8258281681585046
9.440448771145833,8.318289533290802,1.1622130182992467,1.4758565977409308,1.5297340224303,1.4970227288688973
3.1937786179796164,4.6757962111844265,0.7571823580716016,0.8854238472884414,0.9947078989688787,0.9824413217394419
0.030418500966442455,0.4861358719169191,0.08031155344006922,0.08231934227607096,0.07792730419731718,0.07554305495456512
0.03440043376768951,0.5265211581291759,0.07479287305122494,0.07388864142538976,0.0775055679287305,0.0775055679287305
0.03344027580377525,0.5122880272688538,0.07043033659991478,0.0834043459735833,0.08253941201533874,0.08241585002130379
0.03127471985610963,0.5064824561403508,0.07275438596491228,0.0782236842105263,0.07962280701754386,0.07924122807017543
0.2561722598375131,1.3369347462914853,0.23848547111266025,0.2809687129303001,0.2886929387153256,0.2803250274482147
2.8545290000000003,4.606999999999999,0.6319999999999999,0.7569999999999999,0.8559999999999999,0.8879999999999999
0.20278922337443855,1.1478367953523505,0.1931515293358189,0.24297724231735177,0.24482263909444557,0.21498872453142898
8.595559861591743,8.614866043939237,1.2501573049809498,1.5626966312261874,1.580727746201874,1.564700088445708
0.12166598876011614,1.0418055227665148,0.12960497685512884,0.1539369456899998,0.15939922440803203,0.1536886602937256
0.38815734253775347,1.609617929452028,0.32426655230882195,0.3612854217198002,0.36269120157085,0.3472276232093021
0.39900818969950824,1.6886981343116547,0.26276705717991083,0.33719503192517053,0.3644247787831924,0.3580711711829873
0.3844630444891179,1.586392227650501,0.27135656525600677,0.3251640209307021,0.337224312719858,0.3237724488011841
0.46183622581758954,1.7246176182044746,0.36872986959016263,0.3817070130587485,0.388419328645948,0.37051982041341586
0.39501400957477123,1.6938874572675167,0.26405471478879683,0.31284278202692134,0.3543554357295361,0.34622409118984865
0.32253886422704,1.518557665009945,0.23298776907952984,0.2778433582668038,0.2704400085951178,0.2761013936381718
0.370244761407499,1.6035810409371785,0.2681441114581938,0.3478388309556208,0.341674598508306,0.32582371507235364
0.38384377059393576,1.5639288529180586,0.31153462750127725,0.3403109183949695,0.34281320455963843,0.2981891012897098
0.40263198019801993,1.7080431742636115,0.28763921511036517,0.353300597057503,0.3444045388582133,0.3422864297631444
0.4750026737162247,1.792884394647677,0.3033353239912851,0.3867730892626006,0.43075260100659457,0.40526914560353267
0.42082865551418613,1.8694834657062238,0.25200855525134447,0.30115022352535664,0.2961100524203298,0.29106988131530287
0.36968693528667307,1.6417852182445278,0.29121529863846246,0.348257470536718,0.34268191990004643,0.31308861267463567
0.43494074833583957,1.3530627499267818,0.3352909892249468,0.4117832301127674,0.4122081870065886,0.4045589629178066
29.99917422837363,13.745999999999999,2.6372941176470586,2.9409411764705875,2.9955294117647053,2.9545882352941173
0.337742658340845,1.7155606816792648,0.23206482167004083,0.2698827926088623,0.28019678468308634,0.2703125422786216
0.3829015256124159,1.6168109405014877,0.2945590459354212,0.3867617389844588,0.3810500677336335,0.3802341146978013
0.4384932743931873,1.5515744771236128,0.2950713567021046,0.3988725965751697,0.40431671754753323,0.40395377614937567
0.3806072886643344,1.8697594052932893,0.24795778430084392,0.29132849215558515,0.2847571727836547,0.27117644608166497
0.46364075514008984,1.5881228833790078,0.3275117230314686,0.41358286318124804,0.4537493952511451,0.456839128487291
0.40449138229874204,1.6069300988877009,0.2953049553453314,0.31717939648202265,0.3201240327888849,0.31970337045933317
0.4463113034428046,1.6992010235028896,0.2274979389160306,0.3652578848694478,0.43704827923953854,0.42977222575608337
0.5678002512201443,2.0112047950158787,0.36272936721703447,0.42935312854261226,0.43259178360705003,0.3738333274379641
0.38912735527831577,1.8854732023046101,0.223017335390228,0.2983060343814546,0.25476067874869107,0.3162125357631517
0.335707930930861,1.576693331979926,0.28835498856679853,0.2865913494929955,0.30819592814708285,0.3095186574524351
0.38782735855981204,1.4817991429575192,0.3566703747112627,0.3912897214265321,0.39402282774615865,0.37990177842808825
0.48149049805447597,1.761032585589979,0.3807882478342995,0.4486246340280583,0.4436499657071827,0.37988376268504936
0.39153106149280686,1.4618769560593803,0.28433128483421344,0.358002556114787,0.37194036419489546,0.37512614889892026
0.3801729656160464,1.484403042726177,0.24754865113726965,0.3133245943478907,0.3297685801505459,0.3399905172711154
0.3164087855103513,1.596868382805543,0.22856787580457327,0.2693994186667495,0.2720623453751523,0.271174703139018
0.3417740153369974,1.604519583188198,0.264982322585504,0.2933732857196652,0.31402125890814603,0.30971959782721253
0.40467830550184375,1.5379976481412998,0.29441411232769454,0.40052962827402616,0.4131731791101848,0.4073029590791112
0.32028036321460374,1.7315744379755806,0.2142153943887316,0.23608321589924794,0.24590142147539815,0.22090962546337944
0.29391522351543503,1.459594099155879,0.20799915910141326,0.3119987386521199,0.34759859472909255,0.3299986658820499
0.3869122764156677,1.7852720248675344,0.23620660611276606,0.29964495175448036,0.3252902404181521,0.3248403230731754
0.34685565611508645,1.6878115226524297,0.2451160685015907,0.2864713278621403,0.2873328957654851,0.2873328957654851
0.3261234063739359,1.5876611703110521,0.22436609131267296,0.2794150207797228,0.2977646639354061,0.2977646639354061
0.356536927395364,1.5396006856519773,0.28462863773359753,0.3351206993630197,0.3363422814992154,0.3314559529544326
0.4319583778075441,1.734077290204525,0.31886055965977406,0.3638504742419066,0.3612297025186756,0.3245388983934413
0.49147747250900103,1.8096540859322918,0.31578753308540364,0.4017494426559014,0.4119936080451317,0.3910598787714871
0.44877348245417414,1.5707988350376694,0.28074020016176143,0.3638931508443706,0.37577214379902907,0.37814794238996075
0.37184478687462413,1.5701128530846147,0.27851904411442485,0.3406064919389905,0.3270521899491205,0.3213681278243363
0.38918807880536954,1.6215001538806164,0.26749237232384315,0.35888888245511213,0.35416147675866716,0.32619099305470123
0.4269083028173171,1.7343735541888867,0.3071852846760881,0.34116595775972614,0.34071288211861095,0.33799442827191994
0.4145048644163512,1.8856204329395831,0.2762487401754588,0.3306073632422426,0.3212505510750093,0.3101114889711602
0.4319450850412062,1.8447002413755147,0.2785854882520284,0.3222305480781795,0.3143372925777054,0.30226525475345084
0.5193608776499695,1.836294509688424,0.38329378745305887,0.4754729421537386,0.47976034469795625,0.42874025442176605
0.4195397240866465,1.6680556844146914,0.30907457584767706,0.353843038087452,0.3542735040705267,0.33748533073061115
0.4176393540710203,1.6112312082178673,0.2833732451882608,0.36920264156739746,0.36738614640593426,0.37556037463251873
0.49988684226970004,1.7587291004180496,0.31336226663194583,0.37319806011895107,0.3683225510200099,0.36256058572126126
0.3274072638171155,1.7042022878180956,0.2475201097881659,0.26753237398380486,0.26595245838941234,0.25594632629159286
0.364040963518938,1.6320638264910527,0.2497368138137674,0.303283986505368,0.3028340102642621,0.28708484182555605
0.4369648808003115,1.9452088734800956,0.2854676321020297,0.3188786458420263,0.3188786458420263,0.2623747255464438
0.48142847699426194,1.850635144489905,0.3069031390015629,0.35851447769251643,0.3760254676055185,0.37418220550941306
0.47245320284311837,2.0056419303967985,0.2660601626975154,0.29250092420782753,0.3002128129816685,0.30351790817045754
0.5104707793144739,2.1009645480802197,0.3008309514572139,0.33533485986807715,0.3272480063342811,0.3121525464045284
0.3805243325120522,1.6139228547862379,0.3213872351522378,0.3568196787792703,0.3518291937613784,0.31140626511645403
0.3629462027110611,1.5864621646207702,0.28002514585497845,0.3377998506689238,0.31489816587781033,0.31437767304164865
0.5070899966863598,1.9888774085868284,0.31162688979067665,0.3826152546464679,0.38442004358347953,0.301399752480944
0.5842303363719524,1.8994624978512686,0.35403838096062884,0.44778867591895327,0.4873850737895499,0.49262577350771714
0.38176001970000845,1.7028520716590179,0.2420512919814564,0.28239317397836583,0.2770850316103514,0.27124607500553555
0.4779086232262538,1.9076640256746877,0.3259157781473373,0.37319025108679754,0.3743025916265495,0.33036514030634534
0.5520676443989773,1.9529595991656965,0.31896316708611827,0.398979878552359,0.40063539672062604,0.3835283756485332
0.412636910645605,1.6648293302011377,0.3015640624836685,0.34871124629379957,0.3593860803640179,0.34960081579965113
0.4030205619908142,1.5834293518499574,0.32563066328110835,0.387942703785518,0.38744018732983726,0.32110801517998183
0.44518334369173573,1.7216646085224196,0.28121020538854463,0.3684651450037846,0.3918993287861633,0.38890773085649794
0.37893313199739154,1.6236708460325235,0.2534641287700936,0.3247341692065047,0.32848522396631585,0.32634176410356663
0.364369399477452,1.6755095433245468,0.25450173456596853,0.3003406961388259,0.29795325022357294,0.3022506528710283
0.44121212518806,1.8240615353184535,0.3213284871814861,0.3653770319972259,0.34504693438996137,0.32471683678269686
0.3269551864399823,1.6335255855841166,0.24545758471047424,0.2668949283533104,0.2647511939890268,0.2658230611711686
0.36880499556835084,1.7008606525279444,0.26767804089740965,0.3192490396024152,0.30156755433212756,0.29223565932836465
0.3860354171449663,1.6061605144521913,0.29932991405699927,0.33479060073971,0.36034315437872216,0.356692789573149
0.48386849344615995,1.8390666423451172,0.37567632123914513,0.33781746716078165,0.34606875587016855,0.33539061754037375
0.5702940886782408,1.9866694079710028,0.33295448952389717,0.3863992138570689,0.400528278910666,0.35691246939738797
0.36240898449272013,1.4301024882642963,0.28007941906659806,0.31732903877410856,0.32675932224436444,0.32581629389733885
0.364472588283284,1.7475543103810882,0.26435131939289946,0.2949941193917304,0.29179263282468837,0.2826455283474254
0.34350895414406746,1.583188613232035,0.23914573010295428,0.2966284652286185,0.2948732672095143,0.306720853838468
0.40242919847471254,1.7600041487843716,0.2535910094522557,0.316874118501824,0.31595697199385925,0.3219184242956302
0.32972686313809624,1.59252180777863,0.25808824877443726,0.26898158394998173,0.2865785100027842,0.29160620316072783
0.3897597482912023,1.7953351516253457,0.24453620580797472,0.27892410974972115,0.2870434759581891,0.3114015745835928
0.3249168156016819,1.6268127300605137,0.22229739168528762,0.2615263431591619,0.296594648264595,0.30134967268567064
0.32377733410306236,1.7111163211409572,0.22798034293488087,0.2820688056710943,0.2608378202980012,0.24820032900449338
0.5230325070822203,1.985530909298449,0.30048259611886513,0.3652706651705164,0.3652706651705164,0.35354179060082086
0.37293838875981233,1.6699119532531026,0.31741202731964774,0.3252493613275403,0.2883019295760469,0.281584214712139
0.420262283846775,1.5494944813031775,0.32166073555765634,0.4137099126647758,0.4142212969820376,0.40450499495406383
0.47416774337580136,1.7285110850375491,0.3061712460044089,0.384167402027684,0.42631439317069597,0.4258299449966384
0.38529446360162234,1.593763785063642,0.2702045327650977,0.3565813915998421,0.35702434985027665,0.35879618285201503
0.39471060035875927,1.6169445493006425,0.25372384138392395,0.30211447092621874,0.2960111482812446,0.29644709989874274
0.4652887860238816,1.6766453972573563,0.270284906766258,0.40960249285553246,0.42937943725306355,0.42893994959978504
0.4785066198404985,1.8969643968702572,0.25995255685115387,0.35054208423867717,0.35054208423867717,0.35546542811843385
0.3104081712062254,1.5596627391593925,0.20995459950222592,0.26905946574865086,0.2664129792003035,0.26597189810891225
0.4077026845490286,1.9169938936168462,0.2502840145390776,0.28409254069657397,0.29822147700119933,0.2891385893767973
0.3497554240912735,1.5428685798970991,0.30732116972725637,0.3551863300777897,0.35339697828898475,0.30553181793845136
0.4271063780110163,1.7809771368755118,0.34668461062348466,0.38298934123449857,0.3579339637705594,0.2771431548052046
0.36612219617100755,1.6583314788567998,0.27964568428533576,0.3373429635721605,0.3075637226499284,0.3098902258469778
0.4818497950197356,1.7393850138015658,0.33079752757758396,0.39508016768840526,0.38944957147431875,0.4105643072771432
0.4565309294305095,1.7848916757819955,0.3066231822312061,0.36773887613418926,0.3625153125527377,0.3583364616875765
0.3710614433275575,1.7732613781243063,0.22986721568278043,0.27381241868095907,0.27188076140631384,0.25642750320915214
0.47534012470741904,1.8996807780602345,0.2818096351658192,0.3395907474120483,0.33452222879395804,0.3350290806557671
0.4543178898842092,1.9577338723154056,0.26945270964850637,0.30035573671080995,0.29764494486323945,0.29764494486323945
0.4502069884316345,1.9066851757874472,0.3324638067792194,0.308341827107541,0.3162076900439578,0.3146345174566745
0.5437703655492586,2.0353131602731027,0.3399383061961969,0.38202590601096414,0.39659469056222973,0.3868821675280527
0.41864165259272446,1.9267642016894635,0.27640660947055223,0.29257073867935646,0.28879910853063545,0.2688633491731103
0.38904548416768503,1.709112677531155,0.25902982506492006,0.30163660002886955,0.3103516221805865,0.3103516221805865
0.3156697021572403,1.5337968346997055,0.2265717584273901,0.25424065980216354,0.2547627145450838,0.25424065980216354
0.4127882677016977,1.827229987368117,0.24567361683488328,0.2986518597887059,0.30748156694767637,0.3054039887926245
0.4952402999015138,1.9482616459572124,0.29513572351902684,0.35489460968610254,0.3335521503407184,0.3408695649734215
0.44834874430369237,1.8577372228556832,0.2614894433171903,0.3352875750978196,0.3405173639641634,0.33877410100871547
0.4672094244314653,1.7098126128718256,0.2929645255126435,0.39786885342546785,0.427293238083943,0.42473459593972773
0.4652162031747015,1.9189206228361877,0.2819755192423966,0.33002002962041144,0.3397433233873906,0.3380274480167472
0.49396740519999993,1.78002,0.34452,0.37468,0.37584,0.36308
0.4274328053090972,1.7692160982884348,0.2524726064056465,0.3370541093072863,0.3478652788511049,0.3478652788511049
0.6290435183745203,1.757120776584763,0.3305843183620468,0.37276017886602275,0.43664420286469224,0.4378846693501033
0.34193542853765835,1.441117317008212,0.2988048838352447,0.35411685428361994,0.3613314591247123,0.3607302420546213
0.4162540701519882,1.5924226137790647,0.24657269009907118,0.3508198780650076,0.3601833979421875,0.3570622246497942
0.3921430856078866,1.8915514596569822,0.25631559060516357,0.2770512338900757,0.27186732306884764,0.26610742215637206
0.2758393954109506,1.4691465050154053,0.21954127902088041,0.2581093415515756,0.24327547134746208,0.23556185884132305
0.3585229708660571,1.5288877814719806,0.2669205396776111,0.31298204873702185,0.3366033354341556,0.3395559962712973
0.46268568992041814,1.8406171070716024,0.2557413201606336,0.33978776340591227,0.33978776340591227,0.29896520525820547
0.2822874652447037,1.5555469238493598,0.20443398929303014,0.24629946050463472,0.24412463083130462,0.24249350857630703
0.2389124682926838,1.2936018764033028,0.2547842511501571,0.25372043381758863,0.2526566164850201,0.23403981316507125
0.40079391209657333,1.6911428354603208,0.27578820684174665,0.3211559638113846,0.32234985215269085,0.3199620754700783
0.27958503054302003,1.497553832840589,0.308024298029983,0.23648698505181034,0.23885185490232844,0.26190933594488
0.37546590513449557,1.5118771948793113,0.27823904029929675,0.35422399909589186,0.35590013789287556,0.353106573231236
0.5099660777577556,2.0443886887705123,0.2899314867710908,0.32710219020328196,0.3265303332274021,0.3116620518545256
0.36529917985893157,1.7310575406763005,0.25461644547443496,0.2785737915475218,0.29473107145727806,0.2819166770460921
0.3211481028299315,1.8157835436360361,0.18979697737126916,0.24833249375680075,0.24833249375680075,0.24596742238768837
0.5001594131257914,1.974378706535177,0.29160054742673386,0.3247369732706809,0.35069384018177274,0.34406655501298333
0.3262072242787959,1.6263719268346595,0.21972030783441768,0.2611248884564813,0.2826552703799544,0.2854155757547586
0.422579068141489,1.8502198571045478,0.2809530305471923,0.3323951347318895,0.3323951347318895,0.29508547675177943
0.28571788306419404,1.4739048327698907,0.22878165222190097,0.28268308860925984,0.29645790013047374,0.2766940401217755
0.4272204112738823,1.765263266306033,0.32898363030848987,0.3495451072027705,0.34047386739647023,0.3265646330268098
0.2990776574845113,1.6480618132963134,0.2294841873727461,0.24489730443509472,0.2546018596224994,0.25631442818498257
0.32092230365021446,1.5666943726625975,0.2540426164851691,0.28940817794482143,0.2864610478231837,0.28115621360423587
0.4456943895553978,1.8247143626586797,0.2777268856383037,0.3532491089259126,0.3361957036674203,0.3288871014137807
0.3973757719714961,1.7371393745611867,0.284045762597167,0.3122155902927538,0.3122155902927538,0.3122155902927538
0.43448663065195114,1.618903017685959,0.2590008836603994,0.3156388901100539,0.31858878627930676,0.3404180179317778
0.43719074343599074,1.8077834101806098,0.31199199612664136,0.3319063788581291,0.32526825128096654,0.30314115935709124
0.33976277611267913,1.7116198147129462,0.23175670269738058,0.2800393490926682,0.28486761373219693,0.2800393490926682
0.2460428039550783,1.4477343749999998,0.18578124999999998,0.19484374999999998,0.22656249999999997,0.22203124999999999
0.24103856213017774,1.3942307692307692,0.18961538461538463,0.23423076923076924,0.23423076923076924,0.22976923076923078
0.3117305297851559,1.3503124999999998,0.24015625,0.29906249999999995,0.310390625,0.31945312499999995
0.45753195567867055,1.9872631578947366,0.2808421052631579,0.3174736842105263,0.32052631578947366,0.2961052631578947
0.4255633360290455,1.720213855600753,0.29833079453775296,0.31998383607678343,0.3344191971028037,0.3344191971028037
0.2950829214360045,1.4616935483870968,0.21282258064516127,0.23620967741935484,0.23620967741935484,0.23387096774193547
0.3120181961004343,1.5835843988634606,0.25850005962243044,0.2823950231169408,0.29542863956849197,0.2845672925255327
0.4886868998858521,1.8868066818774551,0.29466502336625244,0.31842833170224055,0.33743897837103104,0.325557324203037
0.4740101715811683,1.8475496688741722,0.31880794701986753,0.39434878587196465,0.44492273730684323,0.43916114790286975
0.31067482545431097,1.644580552718834,0.2035595200388373,0.24092171042571248,0.24994017017426856,0.25895862992282465
0.41008154785757456,1.719826441538882,0.24978583367293136,0.3256136760379284,0.3370834337065834,0.3555624877283054
0.28141736611156304,1.4531679831513842,0.21202581635701817,0.24873476366659145,0.3037981846309514,0.3031652717463036
0.294592781032004,1.4919119480738543,0.2389985629934413,0.28106718760198074,0.29143192120118605,0.28228656802541663
0.35119683832523113,1.6014135532772407,0.2587204994938375,0.3151083006655714,0.32505908910764203,0.324395703211504
0.28891324204654173,1.5381185211076638,0.26866143042526247,0.2807575611790065,0.243832530457051,0.24637908429994448
0.2998201532825784,1.4573059876457697,0.2609624119733449,0.26223851178739555,0.2647907114154967,0.28584635834733135
0.28181602663449373,1.493421610246877,0.21306669570276124,0.24434254094353353,0.2612836237822852,0.2580257232363714
0.3141768921577824,1.529661283236145,0.26425416505638777,0.28308462812453894,0.2793185355109087,0.26864793977228973
0.3487667738016061,1.5511636575816836,0.2825378159326125,0.3079972674781886,0.3061343807797318,0.2862635893295261
0.38342770155827505,1.6173553183606253,0.29934298672490234,0.3432122175380346,0.3593406112193332,0.3419219460435307
0.3715209314798017,1.430991414916501,0.2931479101639102,0.3967605335839129,0.38412484780098577,0.3683302405723268
0.32854597330316937,1.5884702828087518,0.20912288383385122,0.2492201919435867,0.3078239499501232,0.3146096482456169
0.3435637508431512,1.5298959404976218,0.2840480373117346,0.32962783864780365,0.3302884154787612,0.30518649590237534
0.36220785712865206,1.4563173703683323,0.2851847070747933,0.3524391504665813,0.3479124090844417,0.36019927855024914
0.32404568572521814,1.5896522932049315,0.23069497990206383,0.2685138290663366,0.27859885551014263,0.2779685413574048
0.3583871698113173,1.5627667772255718,0.22483201276122614,0.2985474267813003,0.3034617877159719,0.3231192314546583
0.34088186741096915,1.6341437989498993,0.2378572799415668,0.26871444058263494,0.2661430105292126,0.2700001556093461
0.27936774984410817,1.4125978125578544,0.2340660064577776,0.2706585357692361,0.26561129034696596,0.2529931767912906
0.271053107812659,1.549513369167587,0.20435166413180456,0.236262434506741,0.23687610316779747,0.23687610316779747
0.2991637916743402,1.5794275136745888,0.1866935595360034,0.2812849630342451,0.28501883422496516,0.2707056613272049
0.4597116910558266,1.6811431071244738,0.29288207441192926,0.35471273456555874,0.3475533949688227,0.34494999875182775
0.32276605787080154,1.4954702095964856,0.2583493873045927,0.2859837745038402,0.30140761852202486,0.29305303634550817
24.50720205756812,11.558694215753587,2.089489266173718,2.467056115092172,2.604353151062519,2.655839539551399
234.3714782805431,43.32661895103871,6.193458105385668,7.5728474384337,7.421114611798417,8.234954318296756
0.6647599157534893,2.4353591160220995,0.37892265193370167,0.4181767955801105,0.36530386740331494,0.36370165745856353
20.79511930690397,14.365130095003101,0.8867883118916484,1.601262307254588,2.7654346408753776,2.609931477178738
21.289612983425272,14.850848691057692,1.7375950230385666,1.8544508286815113,2.403165046483164,2.3879229848775623
313.10773265305926,54.14714285714285,9.052142857142856,9.942857142857141,10.315714285714284,10.33642857142857
0.3062891733974031,1.7519746762817907,0.2163741179539637,0.24456832120251049,0.2544035083822361,0.24850239607440072
0.437310040390805,1.691152913407936,0.30989713072920294,0.3674494550074835,0.34341661629787185,0.35796280814842624
0.4235088272262754,1.5064922185730596,0.2775723430245469,0.35358800542960955,0.3777748071039477,0.36510553003643725
0.42213292534632413,1.7140521550460033,0.2866503604001849,0.32175040453081977,0.32686916096653734,0.3312566664828667
0.3679508720848748,1.6064083740781583,0.2730539620397753,0.2925578164711878,0.3138347485781832,0.3144257744700442
0.5599353550127375,1.7338562598285763,0.37204778056927684,0.42884896844244885,0.42742893874561955,0.3997383596574482
0.30602784304350794,1.5656404958677683,0.2264876033057851,0.2696280991735537,0.29419421487603303,0.28820247933884297
0.5278728882196658,1.9134313019300753,0.2850062619002811,0.3506788457386009,0.371719576482917,0.371719576482917
0.5100120920103159,1.837814726840855,0.3251306413301662,0.38161520190023746,0.3829928741092636,0.34304038004750587
0.4047007541567218,1.8419463006195889,0.23049528679770848,0.2956790851049322,0.3232309998533463,0.3239029977740393
0.6498031876184011,1.9911658890562083,0.43110912551216973,0.5218281321397307,0.5210527560147088,0.44894277638767316
0.4551730743230442,1.930139072362709,0.27717930074810393,0.3210154432021836,0.3486659330578339,0.35001473744103634
0.41074709970817014,1.6603174442148712,0.23216303245377434,0.3575182786271621,0.38182184676281894,0.38501968467540537
0.7481448467852467,2.300983289642721,0.42325469143891925,0.4418184936950122,0.4492440145974494,0.45202858493586334
0.48064317558949415,1.7926363953052402,0.31076319802767716,0.39902291298064513,0.41533983507279043,0.411631443688212
0.5099526823501292,1.8580948600202971,0.34948971083749325,0.37848667374540756,0.34872663286623234,0.35025278880875416
0.4998274984348102,1.8996030443080072,0.32385465493251075,0.36442870053908955,0.36664183029944836,0.35926473109825224
0.3210164159563803,1.6199261935094063,0.22928841389287388,0.2583931351610096,0.25768326391056723,0.2676214614167599
0.4377189009313402,1.8771535751587767,0.31896945515393277,0.352699558457567,0.3475667166504922,0.31017029777037597
0.611266396413184,2.1356239377048802,0.3178638021284885,0.37196827908652913,0.4245698539068464,0.41329808787392125
0.38650748259243217,1.7740573839979337,0.24145187002509363,0.30556620839333887,0.3035200061049906,0.3035200061049906
0.4241156009852872,1.7866561809765455,0.23631257237208408,0.31952122461577565,0.36278972378249524,0.3654524006542934
0.34796115228092,1.7097004165146408,0.22693361049274205,0.2724542167272744,0.27379305808711357,0.255049279049365
0.2591036294396514,1.4625662316167958,0.22366080303585184,0.23736550910422513,0.23901007383242992,0.23901007383242992
0.42534614339665194,1.7322859649425226,0.27196063440075374,0.35320457075338396,0.34700799933665794,0.3297953009568634
0.32139134262358016,1.631078394355724,0.3061571096201683,0.3649754705816784,0.3559264919722153,0.33556629010092337
0.42511981700242024,1.7709840660892004,0.3735563003144272,0.38991643025520506,0.35583282621191786,0.32447591049209373
0.4130465833059126,1.8856085491813668,0.2713157327789438,0.3106887283009541,0.3049617471341162,0.29637127538385943
0.4359164656487611,1.8040531909333248,0.2875543362767245,0.34493176764516603,0.33625843499644814,0.33292253782386433
0.49834199236286597,1.9675724492122353,0.2583184663967544,0.34114884420875713,0.3776503666343855,0.3769484142800465
0.4539067937608297,1.8603756745471078,0.30001738739996553,0.32613497246380185,0.3194381557807669,0.2966689790584481
0.3873336477340439,1.6759769383716308,0.2802233440957367,0.36335180023896957,0.36804453566641016,0.3418992954278127
0.4778344731987136,1.8178494007761732,0.3385679399726397,0.37437801054666886,0.3652627198550978,0.34442776970293537
0.42678454109853303,1.7123771096050413,0.34060907084786923,0.397266156996732,0.386601293721652,0.3492742722588718
0.4519469661202182,1.8810294373726038,0.31624464947920594,0.3319003251959983,0.3287691900526398,0.3311175414101587
0.5598217998673595,2.0385744937269084,0.3269411923901645,0.3623277685076882,0.3538657611752369,0.3669434088708435
0.44667758832982657,1.8981735335147734,0.2535307274729372,0.30570661631519386,0.30938097468436687,0.30864610301053225
0.2628803464903993,1.371357380078861,0.25356305920250083,0.2687492315322332,0.27058997969341286,0.2613862388875145
0.2698961025323304,1.574216967273031,0.19669405754023522,0.24121602326724792,0.25849320399713344,0.28640249594541006
0.4166639778378569,1.836445966513663,0.27348134548245084,0.2989563201301312,0.2884666246869687,0.2869680967665169
0.4589682787446852,1.7085822047158328,0.3050064878226746,0.37596996597381144,0.3677818723409879,0.36300548438850755
9.906335520777093,7.489906743940113,1.464237601590867,1.991483651546426,1.9643681404058544,1.6962258635713128
0.403713938504575,1.6267195543698845,0.24047158629815682,0.3610441743860282,0.3657593035291293,0.3704744326722304
0.3288254252488141,1.6513995706676012,0.22168320489845453,0.28552235567617407,0.29323917609985445,0.28552235567617407
0.6817432270977443,2.014914086414673,0.3750358223816868,0.5244076916814593,0.5260138408137149,0.5027246783960084
0.37081072382331687,1.7016876751225563,0.2917577720267549,0.30222754853489203,0.27012023390993817,0.2687242637088532
0.575163971358687,1.9124276492327048,0.2955235018660172,0.33826754951746113,0.36332440503727303,0.36037653968200106
0.6419948855211378,1.8021578004071805,0.502390024452546,0.55213854849178,0.5654515337980539,0.5640501669237092
0.43467660140587017,1.960000618939003,0.29288194747487495,0.3166876230085471,0.3101951660448183,0.291439179260713
1.408878808204955,3.307670854373576,0.49507145332589825,0.6137806846411,0.6690883946856826,0.6663904576103371
0.3275001077441666,1.5688268817491349,0.2476226225138936,0.2789881546989868,0.28394060714926467,0.25862807240339997
0.39444535742774595,1.8289750607913349,0.27347347144387935,0.3116175253804961,0.3109710159917399,0.30773846904795876
0.4059031215878316,1.7433339615795587,0.26619368567195567,0.34799627925376575,0.3547014098752256,0.3251988351408023
10.580321711264103,9.801265822784808,1.2187341772151896,1.4353164556962024,1.4499999999999997,1.4646835443037973
0.3188598172058619,1.4962053224871996,0.24946424531581848,0.2836930603707796,0.27731141688595634,0.301677692009827
0.03208872754275959,0.49190406976744183,0.06470203488372092,0.08640988372093023,0.09188953488372092,0.09736918604651162
0.0464302765696522,0.49315612382234186,0.0954306864064603,0.12411843876177657,0.12938761776581426,0.1295827725437416
0.4032502876872933,1.827087928425232,0.2643194380839095,0.2734710275898697,0.2836992746847664,0.27831598674008395
0.3817677847049918,1.7784257372073118,0.27582590255412764,0.30301202847322034,0.3058439165897925,0.2860206997737874
0.3913279415367295,1.7654956317860808,0.2559202084820171,0.28363506976924013,0.287173137167609,0.28658345926788087
0.4240675397633206,1.7955006088834995,0.24891082244162874,0.2948727728685002,0.2948727728685002,0.28412842082066014
0.5196952571861904,1.5749078623330024,0.26131615684197934,0.34480985573539225,0.3926115917430714,0.40025986950430004
0.5675933238134707,1.8698281505623218,0.4087378729123952,0.43432499497272176,0.4802505986707437,0.47631411835377035
0.5088056864501925,2.078998456953512,0.2868253866180024,0.32437814603977244,0.3379748347959306,0.33085275973318107
0.36574085315645055,1.7086214972028595,0.2394682476967968,0.28673990178759307,0.28425191999334065,0.27678797461058335
0.36172795955939074,1.7537365978608503,0.22856324464321653,0.2893513416227954,0.2929986274415701,0.28023312707585857
0.3926796385326038,1.7564309268687635,0.25179604196370386,0.30461179710731,0.31320971073533893,0.28434528641267043
0.3720658569322263,1.7288937668416016,0.2452099707131621,0.2942519648557945,0.29621364462149985,0.28705913904820846
0.5408928612309689,2.151365084518088,0.3570226545768333,0.3890818317225081,0.3890818317225081,0.3842243806398301
0.10161038130000216,0.9369066862601028,0.14468038207200587,0.15128581925055107,0.15426891991182953,0.15171197648787657
0.5031436291785053,2.091120486155261,0.29421008758526374,0.31471563914423667,0.3459197393426737,0.3624133351618476
0.5507418070214749,2.1195744618112786,0.3031742802341145,0.3708990758186986,0.41269797309355905,0.4089942733350271
0.5021019467130704,1.974518185425507,0.3155015016869176,0.3398988058595439,0.3637416258464287,0.3637416258464287
0.5466753188942018,2.054798659137273,0.32894091225788896,0.3814199722727166,0.3911583545435094,0.38899426959444433
0.41662278621914384,1.8563224606964137,0.27998675788404476,0.30049860827848024,0.3056265708770891,0.3051137746172283
0.421910710187032,1.905951405602576,0.2821821269661076,0.31506634333696115,0.32795340110391724,0.29551356603537254
0.5565670495409987,2.1051222135245533,0.3642412085316062,0.3874798986737059,0.3753553646865235,0.3637360196154736
0.4018961143282278,1.8879685039370075,0.28543307086614167,0.3164881889763779,0.31511811023622044,0.33932283464566926
0.4345195716753011,2.11750792796287,0.24550067507502152,0.28736500071939364,0.3256114216784496,0.3328472310490818
0.4502690958904063,1.976341770218728,0.2531619677350246,0.2825343507319059,0.3133054186334006,0.3151703318395518
0.40346285047731567,1.9379976815865356,0.3083178129796761,0.32315919838708285,0.32220168965112117,0.31262660229150385
0.5488390331405262,2.0605895839354385,0.3116478644968113,0.3748807645396426,0.38943436851775454,0.3874269748656011
0.5455405034038342,2.1871607465314646,0.34588135691276567,0.3510131277868423,0.346907711087581,0.348447242349804
0.49245366776561195,2.0763085876676657,0.2717883596505221,0.33551138535899266,0.3683383986027502,0.3717176499660782
0.5163556568290188,2.048763877608918,0.3325850139718253,0.353685573770642,0.3808148649405492,0.38131725922147347
0.3860514146661511,2.097150424819194,0.2624025827698251,0.2862103121730045,0.2944912615306321,0.2939737021957804
0.5234248842953946,2.0580108812269846,0.3313704975938161,0.3528436962596893,0.37285281319834385,0.380173221834437
0.48383800205783273,2.0635783682322435,0.2743125323329871,0.30308657418609763,0.3356971549529562,0.3347380202245192
0.4883155950230343,2.1216709365238007,0.29471828742641026,0.3042414973942705,0.3252928036390141,0.3242903604845025
0.424052239183277,1.9957121093808625,0.24222112703099474,0.29066535243719366,0.2987393900048935,0.281166484710488
0.41798904647742435,1.9213510477136855,0.2876274023523481,0.2959110715400957,0.30189372150902455,0.29453046000880445
0.46411283594668296,1.9517957036936835,0.2932604615902084,0.3344198246204131,0.3339521045859789,0.298405381968984
0.45416979325824586,1.967671414093233,0.2994904624456011,0.3300117834591656,0.31808939243824197,0.31284354038903556
0.6819939399632432,2.2061110580821888,0.41887526803633546,0.4516161388629969,0.4666873333705077,0.4349858552685022
0.4123608828239027,1.8639829612912582,0.2748618143548922,0.30757183489090956,0.3222181127428576,0.3295412516688317
0.5194359539509757,2.17987610619469,0.31720353982300886,0.3551858407079646,0.37571681415929203,0.3377345132743363
0.539239745222933,2.1396541776651663,0.2720626567024121,0.3391950005640462,0.35686140684342366,0.35332812558754817
0.4846572201678353,2.0370360058572263,0.31810722198711155,0.3842198675205775,0.372722016123453,0.30325583059915906
0.4932424731398216,2.0360263829699723,0.330179700178022,0.35569135606101926,0.3444073544204628,0.3360670053817906
0.39109179464531857,1.9194619162554523,0.214586483619792,0.26516083108084426,0.2713053779686357,0.2793405546680552
0.393453410269946,1.9230562472547164,0.27294991896518556,0.284437710167424,0.27800454709417044,0.2701928490766483
0.3388012877015219,1.8587940702782055,0.2804215192230051,0.2546049349135856,0.20519733390762757,0.24570266446206163
0.4461195361095019,2.002520887725436,0.26898805683488913,0.2938853179938353,0.3085307657343919,0.3051134945949287
0.5790935290019191,2.169060490294277,0.3311888005338111,0.36134256082520516,0.3603374354821587,0.34073749129275255
0.5407278061224484,2.1490995385348284,0.2909239328310367,0.34294678887547553,0.3459772465091322,0.34244171260319944
0.5113172618819957,2.11152834593654,0.27954745121704017,0.34321662160099237,0.3735589606120946,0.377040868367467
0.5046342206471095,2.1328450231157867,0.30364148358643467,0.3115214528836605,0.3341106982023745,0.3314840417699659
0.4769463361969926,2.132044054185477,0.2963873967283052,0.3844333936838639,0.32198216328515367,0.30253014070194884
0.4562954679966236,2.101290394572823,0.26480084991502273,0.28141383099334166,0.2970199647335806,0.30255762509302025
0.43432285284651495,1.997179054054054,0.2253378378378378,0.20378378378378376,0.2713851351351351,0.3634797297297297
0.4958200223602356,1.9262844111427009,0.2745131255830645,0.2937525070341853,0.3622634751284202,0.3641404879529198
0.518132702054987,2.04455580717521,0.3315108035499346,0.33581613866097276,0.34634029115462145,0.3439484383151558
0.4728506909078201,2.029261852731591,0.3013851175737941,0.3493547745509735,0.3028387435427995,0.3057459954808104
0.4179349702641735,1.9972166410013243,0.2634483267442881,0.2936801019444523,0.29463984083969563,0.2749651934872078
0.5647522324233283,2.1012082355847173,0.3137413595330871,0.35365370639800486,0.37285205045961084,0.3824512224904138
0.470889354996521,2.113669712489413,0.28140879187328455,0.2777877228602092,0.29641036349888245,0.29123740776591767
0.3895763835923729,1.9479742745147095,0.2510102619838752,0.23898869771261683,0.23033317143731077,0.31496498390696986
0.4794188134228163,2.1858453275502256,0.24944418213299746,0.2829266226877622,0.29241331417827887,0.2985517616133191
0.48960234606900904,2.251497586566616,0.2771567846581528,0.29481349101668375,0.3231712315319002,0.31675061103788893
0.5519143269598931,2.071158235995657,0.3007865431569149,0.33317139119664796,0.36408420068912045,0.3689909958466558
0.4956177250692435,2.2173165628491995,0.2750727622779903,0.3393958606813987,0.34096471674001844,0.3148171157630231
0.5005159352242224,2.070107338860472,0.29203958893015064,0.3278856034558731,0.3278856034558731,0.3263041616385618
0.5133250480494801,2.0458361774744027,0.31078498293515355,0.3315699658703071,0.36769624573378834,0.3592832764505119
0.4603086702044577,2.0421468869958086,0.2630268910256186,0.31390249857409414,0.34442786310317947,0.34595413132963376
0.5159189215069304,1.9762280942035446,0.3133469804018224,0.3586801683454883,0.3696398401560449,0.35170583173877046
0.4091378856091467,1.7298909824221902,0.3010597039189022,0.3193348936136598,0.3039452601864955,0.29865507369590777
0.5390584081277572,2.1421906389507925,0.307885699120458,0.3208949540128717,0.34582935922333136,0.34637141151051526
0.509897235853301,2.1661092205548766,0.28219705056653027,0.2941501484726632,0.30506384656087154,0.30506384656087154
0.5892351131167851,2.14846771655645,0.28568927928694693,0.34050788638259727,0.3916367795391173,0.3947993914869433
0.4772450709759546,2.0428934261078786,0.2997044237664999,0.31571534456871697,0.3267228526202412,0.3217194398695484
0.4414557634521563,1.9982507088412642,0.2532356945577061,0.2818754457279229,0.28991467412658023,0.28890977057674805
0.47069055935127063,1.9884877157957883,0.2988846234566363,0.3248107855568028,0.3468235646984536,0.3375292801719788
0.48523050185496697,1.9814446666197754,0.27968797922596006,0.30379901191785313,0.33225003049428703,0.3361077957249899
0.5290920566062612,2.1163729332768346,0.310516569694866,0.29917596454079265,0.38990080577337954,0.3434583275233648
0.5460975437796183,2.189248866088602,0.3314146755068626,0.33991248769934623,0.35743922534634376,0.357970338608374
0.3844534164417474,1.8905794766865502,0.22937361597945433,0.2634290873475829,0.2819592702978882,0.2804568230316472
0.45446898211118847,2.1286016421702847,0.2642145395001577,0.2822895784196856,0.29983299854746265,0.2865425287536921
0.5198638503996302,2.131950782300625,0.32877785052720365,0.3405199166174609,0.3292883751398235,0.33439362126602235
0.7198164672523787,2.2782469298847072,0.3903569454798075,0.4427706018421857,0.49718096892313074,0.49318754748599714
0.4780087616761119,1.9473846659676484,0.3076714612204265,0.36398029380103164,0.34100629010814476,0.34731287935717253
0.5410324918108985,2.266048874192466,0.2643318020808827,0.30619650738282733,0.3159324853600237,0.304249311787388
0.4893216550216622,2.0470725456867958,0.30073419701664617,0.3354009632433489,0.33756763613251783,0.34450098937785834
0.37852860224049273,1.7348634658329063,0.27431601810178435,0.2921094895462244,0.29507506812029777,0.3019947514598022
0.6016692237814243,2.044810151492665,0.38507111140671657,0.44188488194213377,0.4341154774244699,0.4321731262950539
0.6014151287115516,2.327259649211487,0.2939108224454363,0.3548162970586541,0.366550379323586,0.35593382870293333
0.4385960227198544,2.008855093074589,0.20332541427880454,0.30549643495390383,0.3227790951676022,0.31972921395342013
0.5758362619425521,1.9782684349589517,0.3292148525044641,0.44342211657086944,0.47867740243484674,0.481160169044986
0.4604385448609079,2.037147874352273,0.2934059516077274,0.3632163331971522,0.28885310063450403,0.2863237389827133
0.5058774181641665,2.126729290575432,0.2706932094152206,0.330450012248392,0.3335144636757341,0.33708965700763327
0.580340338221071,2.2180254394934313,0.3340301918885641,0.40007830114367726,0.42552306454523725,0.4303954660476636
0.5716289795952944,2.267544505797309,0.31138617127040275,0.3800825779521191,0.3981013075735529,0.38402417505680775
0.353524815155774,1.7725738476620532,0.24410741029564145,0.25761717155246133,0.2874318170847534,0.28090986337456453
0.4092759651156587,1.831159499698517,0.3207255539536926,0.29246997964865323,0.28652143768969757,0.2756157774316122
